Gene ID,Tissue
ENSG00000002745,Skin
ENSG00000004848,Ovary
ENSG00000004939,Bone Marrow
ENSG00000005189,Testis
ENSG00000005381,Bone Marrow
ENSG00000005421,Liver
ENSG00000005471,Liver
ENSG00000006047,Testis
ENSG00000006116,Cerebral Cortex
ENSG00000006659,Placenta
ENSG00000006837,Testis
ENSG00000007001,Kidney
ENSG00000007038,Testis
ENSG00000007174,Fallopian Tube
ENSG00000007350,Testis
ENSG00000007372,Cerebral Cortex
ENSG00000007402,Lung
ENSG00000007933,Liver
ENSG00000008056,Cerebral Cortex
ENSG00000008197,Testis
ENSG00000008438,Bone Marrow
ENSG00000008735,Cerebral Cortex
ENSG00000009765,Thyroid Gland
ENSG00000010318,Testis
ENSG00000010379,Kidney
ENSG00000010404,Cerebral Cortex
ENSG00000010438,Pancreas
ENSG00000010932,Kidney
ENSG00000011332,Cerebral Cortex
ENSG00000011590,Testis
ENSG00000011677,Cerebral Cortex
ENSG00000012223,Bone Marrow
ENSG00000013293,Cerebral Cortex
ENSG00000014257,Prostate gland
ENSG00000015592,Cerebral Cortex
ENSG00000019102,Stomach
ENSG00000019186,Urinary Bladder
ENSG00000019991,Placenta
ENSG00000020129,Cerebral Cortex
ENSG00000021300,Cerebral Cortex
ENSG00000021461,Liver
ENSG00000021852,Liver
ENSG00000022355,Cerebral Cortex
ENSG00000025423,Liver
ENSG00000028839,Testis
ENSG00000034053,Cerebral Cortex
ENSG00000036530,Cerebral Cortex
ENSG00000036565,Adrenal Gland
ENSG00000039537,Liver
ENSG00000039600,Testis
ENSG00000040731,Cerebral Cortex
ENSG00000042781,Liver
ENSG00000042813,Testis
ENSG00000042832,Thyroid Gland
ENSG00000043591,Placenta
ENSG00000046653,Cerebral Cortex
ENSG00000046774,Testis
ENSG00000047457,Liver
ENSG00000047936,Lung
ENSG00000048545,Testis
ENSG00000051128,Spleen
ENSG00000054598,Salivary Gland
ENSG00000054796,Testis
ENSG00000055957,Liver
ENSG00000056998,Adipose
ENSG00000057149,Esophagus
ENSG00000057468,Testis
ENSG00000057593,Liver
ENSG00000061492,Testis
ENSG00000063015,Cerebral Cortex
ENSG00000063127,Testis
ENSG00000063515,Testis
ENSG00000064205,Ovary
ENSG00000064703,Testis
ENSG00000065371,Testis
ENSG00000065609,Cerebral Cortex
ENSG00000065618,Skin
ENSG00000066827,Placenta
ENSG00000066923,Testis
ENSG00000067715,Cerebral Cortex
ENSG00000067840,Cerebral Cortex
ENSG00000068976,Skeletal Muscle
ENSG00000068985,Testis
ENSG00000069206,Testis
ENSG00000070031,Duodenum
ENSG00000070748,Placenta
ENSG00000070808,Cerebral Cortex
ENSG00000070915,Kidney
ENSG00000071677,Testis
ENSG00000072042,Prostate gland
ENSG00000072080,Liver
ENSG00000072694,Placenta
ENSG00000072954,Skeletal Muscle
ENSG00000073146,Testis
ENSG00000073598,Testis
ENSG00000073754,Spleen
ENSG00000073969,Cerebral Cortex
ENSG00000074317,Cerebral Cortex
ENSG00000074803,Kidney
ENSG00000075043,Cerebral Cortex
ENSG00000075702,Testis
ENSG00000075886,Testis
ENSG00000076555,Adipose
ENSG00000077080,Cerebral Cortex
ENSG00000077498,Skin
ENSG00000077800,Testis
ENSG00000077935,Testis
ENSG00000077984,Bone Marrow
ENSG00000078018,Cerebral Cortex
ENSG00000078053,Cerebral Cortex
ENSG00000078081,Lung
ENSG00000078487,Testis
ENSG00000078725,Cerebral Cortex
ENSG00000078795,Testis
ENSG00000078898,Salivary Gland
ENSG00000079215,Cerebral Cortex
ENSG00000079387,Testis
ENSG00000079435,Adipose
ENSG00000079557,Liver
ENSG00000080007,Testis
ENSG00000080166,Skin
ENSG00000080618,Liver
ENSG00000080644,Adrenal Gland
ENSG00000080910,Liver
ENSG00000081148,Fallopian Tube
ENSG00000081248,Skeletal Muscle
ENSG00000083782,Placenta
ENSG00000083807,Liver
ENSG00000084453,Cerebral Cortex
ENSG00000084693,Testis
ENSG00000084710,Cerebral Cortex
ENSG00000084731,Cerebral Cortex
ENSG00000085465,Fallopian Tube
ENSG00000085662,Adrenal Gland
ENSG00000086506,Bone Marrow
ENSG00000086717,Testis
ENSG00000086967,Skeletal Muscle
ENSG00000086991,Kidney
ENSG00000087128,Esophagus
ENSG00000087250,Cerebral Cortex
ENSG00000087258,Cerebral Cortex
ENSG00000087495,Cerebral Cortex
ENSG00000088782,Kidney
ENSG00000089169,Cerebral Cortex
ENSG00000089199,Adrenal Gland
ENSG00000089505,Testis
ENSG00000090512,Liver
ENSG00000091128,Skin
ENSG00000091137,Thyroid Gland
ENSG00000091181,Fallopian Tube
ENSG00000091513,Liver
ENSG00000091583,Liver
ENSG00000091664,Cerebral Cortex
ENSG00000091704,Pancreas
ENSG00000092067,Bone Marrow
ENSG00000092200,Testis
ENSG00000092295,Esophagus
ENSG00000092345,Testis
ENSG00000092377,Prostate gland
ENSG00000092529,Skeletal Muscle
ENSG00000095596,Liver
ENSG00000095627,Testis
ENSG00000095777,Testis
ENSG00000096088,Stomach
ENSG00000096395,Duodenum
ENSG00000099338,Testis
ENSG00000099365,Cerebral Cortex
ENSG00000099399,Testis
ENSG00000099715,Cerebral Cortex
ENSG00000099721,Prostate gland
ENSG00000099840,Testis
ENSG00000099937,Liver
ENSG00000100121,Testis
ENSG00000100167,Cerebral Cortex
ENSG00000100253,Kidney
ENSG00000100276,Cerebral Cortex
ENSG00000100285,Prostate gland
ENSG00000100312,Testis
ENSG00000100427,Cerebral Cortex
ENSG00000100448,Bone Marrow
ENSG00000100505,Cerebral Cortex
ENSG00000100526,Testis
ENSG00000100565,Testis
ENSG00000100593,Placenta
ENSG00000100652,Liver
ENSG00000100867,Urinary Bladder
ENSG00000100884,Cerebral Cortex
ENSG00000101180,Cerebral Cortex
ENSG00000101189,Testis
ENSG00000101197,Placenta
ENSG00000101251,Testis
ENSG00000101306,Skeletal Muscle
ENSG00000101323,Liver
ENSG00000101327,Cerebral Cortex
ENSG00000101331,Spleen
ENSG00000101425,Bone Marrow
ENSG00000101435,Testis
ENSG00000101438,Cerebral Cortex
ENSG00000101446,Skin
ENSG00000101448,Testis
ENSG00000101470,Skeletal Muscle
ENSG00000101489,Cerebral Cortex
ENSG00000101542,Cerebral Cortex
ENSG00000101883,Testis
ENSG00000101892,Skeletal Muscle
ENSG00000101951,Placenta
ENSG00000101981,Liver
ENSG00000102003,Cerebral Cortex
ENSG00000102021,Testis
ENSG00000102055,Testis
ENSG00000102145,Bone Marrow
ENSG00000102243,Placenta
ENSG00000102387,Testis
ENSG00000102468,Cerebral Cortex
ENSG00000102854,Fallopian Tube
ENSG00000102891,Skin
ENSG00000103023,Testis
ENSG00000103184,Cerebral Cortex
ENSG00000103355,Fallopian Tube
ENSG00000104112,Cerebral Cortex
ENSG00000104154,Prostate gland
ENSG00000104327,Kidney
ENSG00000104369,Skeletal Muscle
ENSG00000104381,Cerebral Cortex
ENSG00000104435,Cerebral Cortex
ENSG00000104499,Adrenal Gland
ENSG00000104722,Cerebral Cortex
ENSG00000104755,Testis
ENSG00000104760,Liver
ENSG00000104804,Testis
ENSG00000104827,Placenta
ENSG00000104848,Skeletal Muscle
ENSG00000104879,Skeletal Muscle
ENSG00000104888,Cerebral Cortex
ENSG00000104899,Testis
ENSG00000104901,Testis
ENSG00000104941,Testis
ENSG00000105048,Skeletal Muscle
ENSG00000105141,Skin
ENSG00000105146,Testis
ENSG00000105198,Placenta
ENSG00000105246,Placenta
ENSG00000105261,Testis
ENSG00000105290,Cerebral Cortex
ENSG00000105428,Testis
ENSG00000105467,Testis
ENSG00000105472,Bone Marrow
ENSG00000105492,Placenta
ENSG00000105519,Fallopian Tube
ENSG00000105549,Testis
ENSG00000105550,Liver
ENSG00000105605,Cerebral Cortex
ENSG00000105610,Bone Marrow
ENSG00000105613,Cerebral Cortex
ENSG00000105642,Cerebral Cortex
ENSG00000105649,Cerebral Cortex
ENSG00000105668,Urinary Bladder
ENSG00000105672,Testis
ENSG00000105679,Testis
ENSG00000105696,Cerebral Cortex
ENSG00000105697,Liver
ENSG00000105825,Placenta
ENSG00000105852,Liver
ENSG00000105982,Testis
ENSG00000106013,Testis
ENSG00000106089,Cerebral Cortex
ENSG00000106304,Testis
ENSG00000106327,Liver
ENSG00000106328,Testis
ENSG00000106336,Testis
ENSG00000106484,Placenta
ENSG00000106631,Heart
ENSG00000106638,Testis
ENSG00000106648,Testis
ENSG00000106689,Cerebral Cortex
ENSG00000106804,Liver
ENSG00000106927,Liver
ENSG00000106976,Cerebral Cortex
ENSG00000107018,Prostate gland
ENSG00000107165,Skin
ENSG00000107282,Cerebral Cortex
ENSG00000107295,Cerebral Cortex
ENSG00000107447,Bone Marrow
ENSG00000107611,Kidney
ENSG00000108231,Cerebral Cortex
ENSG00000108309,Cerebral Cortex
ENSG00000108379,Skin
ENSG00000108417,Skin
ENSG00000108515,Skeletal Muscle
ENSG00000108688,Bone Marrow
ENSG00000108813,Placenta
ENSG00000108849,Pancreas
ENSG00000108878,Skeletal Muscle
ENSG00000109061,Skeletal Muscle
ENSG00000109072,Liver
ENSG00000109132,Adrenal Gland
ENSG00000109158,Cerebral Cortex
ENSG00000109181,Liver
ENSG00000109205,Salivary Gland
ENSG00000109208,Salivary Gland
ENSG00000109321,Placenta
ENSG00000109511,Stomach
ENSG00000109738,Cerebral Cortex
ENSG00000109758,Liver
ENSG00000109851,Testis
ENSG00000109944,Testis
ENSG00000109956,Cerebral Cortex
ENSG00000110076,Cerebral Cortex
ENSG00000110169,Liver
ENSG00000110203,Bone Marrow
ENSG00000110243,Liver
ENSG00000110245,Liver
ENSG00000110375,Urinary Bladder
ENSG00000110427,Cerebral Cortex
ENSG00000110436,Cerebral Cortex
ENSG00000110786,Cerebral Cortex
ENSG00000111046,Skeletal Muscle
ENSG00000111049,Skeletal Muscle
ENSG00000111215,Salivary Gland
ENSG00000111218,Cerebral Cortex
ENSG00000111241,Skeletal Muscle
ENSG00000111254,Testis
ENSG00000111262,Cerebral Cortex
ENSG00000111305,Testis
ENSG00000111644,Testis
ENSG00000111674,Cerebral Cortex
ENSG00000111700,Liver
ENSG00000111713,Liver
ENSG00000111834,Fallopian Tube
ENSG00000112053,Testis
ENSG00000112077,Bone Marrow
ENSG00000112167,Testis
ENSG00000112212,Bone Marrow
ENSG00000112238,Testis
ENSG00000112246,Kidney
ENSG00000112273,Testis
ENSG00000112309,Cerebral Cortex
ENSG00000112333,Cerebral Cortex
ENSG00000112337,Liver
ENSG00000112499,Kidney
ENSG00000113073,Kidney
ENSG00000113231,Thyroid Gland
ENSG00000113327,Cerebral Cortex
ENSG00000113525,Testis
ENSG00000113569,Testis
ENSG00000113600,Liver
ENSG00000113905,Liver
ENSG00000113946,Kidney
ENSG00000114204,Pancreas
ENSG00000114487,Testis
ENSG00000114547,Testis
ENSG00000114646,Cerebral Cortex
ENSG00000114656,Testis
ENSG00000114757,Cerebral Cortex
ENSG00000115257,Testis
ENSG00000115266,Cerebral Cortex
ENSG00000115474,Small Intestine
ENSG00000115488,Skin
ENSG00000115592,Skeletal Muscle
ENSG00000115602,Placenta
ENSG00000115705,Thyroid Gland
ENSG00000115718,Liver
ENSG00000115998,Testis
ENSG00000116017,Placenta
ENSG00000116147,Cerebral Cortex
ENSG00000116183,Placenta
ENSG00000116218,Kidney
ENSG00000116455,Fallopian Tube
ENSG00000116668,Testis
ENSG00000116675,Cerebral Cortex
ENSG00000116690,Liver
ENSG00000116721,Testis
ENSG00000116748,Skeletal Muscle
ENSG00000116783,Heart
ENSG00000116785,Liver
ENSG00000116983,Cerebral Cortex
ENSG00000117016,Cerebral Cortex
ENSG00000117139,Testis
ENSG00000117148,Testis
ENSG00000117152,Cerebral Cortex
ENSG00000117594,Liver
ENSG00000117600,Cerebral Cortex
ENSG00000117601,Liver
ENSG00000117650,Testis
ENSG00000117983,Gall Bladder
ENSG00000118017,Stomach
ENSG00000118113,Bone Marrow
ENSG00000118156,Testis
ENSG00000118160,Cerebral Cortex
ENSG00000118194,Heart
ENSG00000118231,Ovary
ENSG00000118245,Testis
ENSG00000118271,Liver
ENSG00000118434,Testis
ENSG00000118491,Testis
ENSG00000118557,Testis
ENSG00000118729,Heart
ENSG00000118733,Cerebral Cortex
ENSG00000118972,Liver
ENSG00000119685,Testis
ENSG00000119703,Testis
ENSG00000119927,Adipose
ENSG00000120054,Liver
ENSG00000120160,Testis
ENSG00000120210,Testis
ENSG00000120211,Placenta
ENSG00000120215,Skin
ENSG00000120251,Cerebral Cortex
ENSG00000120289,Testis
ENSG00000120329,Testis
ENSG00000120440,Testis
ENSG00000120563,Testis
ENSG00000120669,Testis
ENSG00000120729,Skeletal Muscle
ENSG00000120903,Prostate gland
ENSG00000120937,Heart
ENSG00000120952,Testis
ENSG00000121053,Bone Marrow
ENSG00000121058,Testis
ENSG00000121101,Testis
ENSG00000121314,Duodenum
ENSG00000121335,Salivary Gland
ENSG00000121351,Pancreas
ENSG00000121410,Liver
ENSG00000121446,Testis
ENSG00000121577,Heart
ENSG00000121634,Testis
ENSG00000121753,Cerebral Cortex
ENSG00000121769,Heart
ENSG00000121905,Cerebral Cortex
ENSG00000122133,Placenta
ENSG00000122180,Skeletal Muscle
ENSG00000122194,Liver
ENSG00000122254,Cerebral Cortex
ENSG00000122304,Testis
ENSG00000122728,Testis
ENSG00000122787,Liver
ENSG00000122852,Lung
ENSG00000123119,Cerebral Cortex
ENSG00000123165,Testis
ENSG00000123171,Testis
ENSG00000123364,Skin
ENSG00000123405,Bone Marrow
ENSG00000123454,Adrenal Gland
ENSG00000123560,Cerebral Cortex
ENSG00000123561,Liver
ENSG00000123569,Testis
ENSG00000123576,Testis
ENSG00000123594,Testis
ENSG00000123612,Adipose
ENSG00000124003,Gall Bladder
ENSG00000124089,Testis
ENSG00000124091,Bone Marrow
ENSG00000124092,Testis
ENSG00000124103,Testis
ENSG00000124116,Testis
ENSG00000124140,Cerebral Cortex
ENSG00000124194,Cerebral Cortex
ENSG00000124196,Testis
ENSG00000124227,Testis
ENSG00000124232,Pancreas
ENSG00000124343,Skin
ENSG00000124449,Testis
ENSG00000124467,Placenta
ENSG00000124469,Bone Marrow
ENSG00000124490,Testis
ENSG00000124507,Cerebral Cortex
ENSG00000124564,Kidney
ENSG00000124575,Bone Marrow
ENSG00000124664,Prostate gland
ENSG00000124678,Testis
ENSG00000124721,Testis
ENSG00000124812,Testis
ENSG00000124818,Testis
ENSG00000124827,Testis
ENSG00000124900,Testis
ENSG00000124935,Fallopian Tube
ENSG00000125207,Testis
ENSG00000125363,Testis
ENSG00000125388,Testis
ENSG00000125409,Testis
ENSG00000125414,Skeletal Muscle
ENSG00000125462,Cerebral Cortex
ENSG00000125531,Testis
ENSG00000125533,Testis
ENSG00000125551,Liver
ENSG00000125571,Skin
ENSG00000125618,Thyroid Gland
ENSG00000125675,Cerebral Cortex
ENSG00000125730,Liver
ENSG00000125780,Esophagus
ENSG00000125813,Tonsil
ENSG00000125814,Cerebral Cortex
ENSG00000125815,Testis
ENSG00000125816,Testis
ENSG00000125823,Testis
ENSG00000125831,Testis
ENSG00000125872,Lung
ENSG00000125879,Gall Bladder
ENSG00000125888,Testis
ENSG00000125900,Testis
ENSG00000125931,Testis
ENSG00000125975,Testis
ENSG00000126259,Pancreas
ENSG00000126467,Testis
ENSG00000126545,Adipose
ENSG00000126549,Salivary Gland
ENSG00000126550,Salivary Gland
ENSG00000126583,Cerebral Cortex
ENSG00000126752,Testis
ENSG00000126861,Cerebral Cortex
ENSG00000127377,Thyroid Gland
ENSG00000127561,Cerebral Cortex
ENSG00000127585,Cerebral Cortex
ENSG00000127928,Placenta
ENSG00000128040,Testis
ENSG00000128253,Prostate gland
ENSG00000128276,Testis
ENSG00000128346,Testis
ENSG00000128510,Skin
ENSG00000128536,Fallopian Tube
ENSG00000128564,Cerebral Cortex
ENSG00000128596,Testis
ENSG00000128610,Testis
ENSG00000128656,Cerebral Cortex
ENSG00000128683,Cerebral Cortex
ENSG00000128714,Prostate gland
ENSG00000128872,Cerebral Cortex
ENSG00000129152,Skeletal Muscle
ENSG00000129159,Cerebral Cortex
ENSG00000129244,Cerebral Cortex
ENSG00000129437,Skin
ENSG00000129646,Testis
ENSG00000129654,Fallopian Tube
ENSG00000129744,Skeletal Muscle
ENSG00000129749,Skeletal Muscle
ENSG00000129965,Liver
ENSG00000129988,Liver
ENSG00000129990,Cerebral Cortex
ENSG00000129991,Heart
ENSG00000130167,Testis
ENSG00000130173,Liver
ENSG00000130208,Liver
ENSG00000130270,Testis
ENSG00000130287,Cerebral Cortex
ENSG00000130294,Cerebral Cortex
ENSG00000130368,Cerebral Cortex
ENSG00000130377,Testis
ENSG00000130477,Cerebral Cortex
ENSG00000130540,Cerebral Cortex
ENSG00000130558,Cerebral Cortex
ENSG00000130595,Skeletal Muscle
ENSG00000130598,Skeletal Muscle
ENSG00000130649,Liver
ENSG00000130783,Testis
ENSG00000130829,Placenta
ENSG00000130876,Adipose
ENSG00000130943,Testis
ENSG00000130948,Testis
ENSG00000130950,Testis
ENSG00000130957,Skeletal Muscle
ENSG00000131050,Salivary Gland
ENSG00000131059,Testis
ENSG00000131095,Cerebral Cortex
ENSG00000131126,Testis
ENSG00000131183,Kidney
ENSG00000131187,Liver
ENSG00000131264,Skin
ENSG00000131379,Testis
ENSG00000131400,Lung
ENSG00000131668,Stomach
ENSG00000131686,Salivary Gland
ENSG00000131721,Testis
ENSG00000131738,Testis
ENSG00000131864,Testis
ENSG00000131914,Testis
ENSG00000131951,Testis
ENSG00000131969,Skin
ENSG00000132141,Testis
ENSG00000132446,Testis
ENSG00000132535,Cerebral Cortex
ENSG00000132554,Testis
ENSG00000132563,Cerebral Cortex
ENSG00000132631,Testis
ENSG00000132639,Cerebral Cortex
ENSG00000132671,Cerebral Cortex
ENSG00000132692,Cerebral Cortex
ENSG00000132702,Cerebral Cortex
ENSG00000132703,Liver
ENSG00000132718,Cerebral Cortex
ENSG00000132749,Testis
ENSG00000132855,Liver
ENSG00000132958,Testis
ENSG00000132972,Testis
ENSG00000132975,Cerebral Cortex
ENSG00000133083,Cerebral Cortex
ENSG00000133115,Fallopian Tube
ENSG00000133169,Cerebral Cortex
ENSG00000133246,Bone Marrow
ENSG00000133317,Adipose
ENSG00000133636,Small Intestine
ENSG00000133661,Lung
ENSG00000133665,Fallopian Tube
ENSG00000134007,Testis
ENSG00000134121,Cerebral Cortex
ENSG00000134183,Testis
ENSG00000134216,Lung
ENSG00000134249,Testis
ENSG00000134365,Liver
ENSG00000134389,Liver
ENSG00000134438,Testis
ENSG00000134531,Esophagus
ENSG00000134538,Liver
ENSG00000134551,Salivary Gland
ENSG00000134571,Heart
ENSG00000134588,Testis
ENSG00000134595,Fallopian Tube
ENSG00000134760,Skin
ENSG00000134765,Skin
ENSG00000134812,Stomach
ENSG00000134864,Kidney
ENSG00000134940,Testis
ENSG00000134982,Cerebral Cortex
ENSG00000135094,Liver
ENSG00000135116,Cerebral Cortex
ENSG00000135222,Salivary Gland
ENSG00000135226,Gall Bladder
ENSG00000135248,Testis
ENSG00000135298,Cerebral Cortex
ENSG00000135346,Placenta
ENSG00000135355,Testis
ENSG00000135374,Salivary Gland
ENSG00000135413,Salivary Gland
ENSG00000135436,Testis
ENSG00000135439,Cerebral Cortex
ENSG00000135454,Cerebral Cortex
ENSG00000135472,Cerebral Cortex
ENSG00000135709,Cerebral Cortex
ENSG00000135902,Skeletal Muscle
ENSG00000136011,Spleen
ENSG00000136014,Testis
ENSG00000136099,Cerebral Cortex
ENSG00000136206,Testis
ENSG00000136267,Cerebral Cortex
ENSG00000136327,Testis
ENSG00000136367,Testis
ENSG00000136449,Testis
ENSG00000136487,Placenta
ENSG00000136488,Placenta
ENSG00000136531,Cerebral Cortex
ENSG00000136535,Cerebral Cortex
ENSG00000136541,Cerebral Cortex
ENSG00000136688,Tonsil
ENSG00000136694,Esophagus
ENSG00000136750,Cerebral Cortex
ENSG00000136811,Testis
ENSG00000136834,Skin
ENSG00000136854,Cerebral Cortex
ENSG00000136881,Liver
ENSG00000136918,Fallopian Tube
ENSG00000136928,Cerebral Cortex
ENSG00000136944,Salivary Gland
ENSG00000136999,Adrenal Gland
ENSG00000137090,Testis
ENSG00000137142,Thyroid Gland
ENSG00000137225,Testis
ENSG00000137251,Kidney
ENSG00000137261,Cerebral Cortex
ENSG00000137267,Cerebral Cortex
ENSG00000137270,Placenta
ENSG00000137285,Cerebral Cortex
ENSG00000137392,Pancreas
ENSG00000137463,Adrenal Gland
ENSG00000137473,Testis
ENSG00000137561,Liver
ENSG00000137674,Testis
ENSG00000137675,Skin
ENSG00000137707,Testis
ENSG00000137709,Skin
ENSG00000137714,Adrenal Gland
ENSG00000137745,Urinary Bladder
ENSG00000137766,Cerebral Cortex
ENSG00000137869,Placenta
ENSG00000137948,Testis
ENSG00000137976,Salivary Gland
ENSG00000138109,Liver
ENSG00000138115,Liver
ENSG00000138136,Skeletal Muscle
ENSG00000138161,Pancreas
ENSG00000138207,Liver
ENSG00000138315,Liver
ENSG00000138483,Testis
ENSG00000138813,Testis
ENSG00000138829,Placenta
ENSG00000138892,Testis
ENSG00000139151,Testis
ENSG00000139155,Cerebral Cortex
ENSG00000139209,Liver
ENSG00000139269,Liver
ENSG00000139351,Testis
ENSG00000139352,Cerebral Cortex
ENSG00000139364,Cerebral Cortex
ENSG00000139445,Testis
ENSG00000139547,Liver
ENSG00000139549,Testis
ENSG00000139656,Testis
ENSG00000139767,Cerebral Cortex
ENSG00000139797,Testis
ENSG00000139970,Cerebral Cortex
ENSG00000139973,Cerebral Cortex
ENSG00000139985,Testis
ENSG00000140067,Testis
ENSG00000140093,Liver
ENSG00000140107,Liver
ENSG00000140459,Adrenal Gland
ENSG00000140478,Testis
ENSG00000140505,Liver
ENSG00000140519,Esophagus
ENSG00000140522,Cerebral Cortex
ENSG00000140623,Testis
ENSG00000140675,Kidney
ENSG00000140798,Testis
ENSG00000140835,Gall Bladder
ENSG00000140873,Placenta
ENSG00000140932,Testis
ENSG00000140955,Testis
ENSG00000141086,Pancreas
ENSG00000141096,Testis
ENSG00000141194,Testis
ENSG00000141200,Testis
ENSG00000141255,Testis
ENSG00000141316,Testis
ENSG00000141371,Testis
ENSG00000141437,Testis
ENSG00000141485,Liver
ENSG00000141505,Liver
ENSG00000141668,Cerebral Cortex
ENSG00000141744,Adrenal Gland
ENSG00000141946,Testis
ENSG00000141965,Skeletal Muscle
ENSG00000142025,Testis
ENSG00000142235,Cerebral Cortex
ENSG00000142511,Placenta
ENSG00000142515,Prostate gland
ENSG00000142530,Testis
ENSG00000142538,Testis
ENSG00000142615,Pancreas
ENSG00000142623,Esophagus
ENSG00000142698,Testis
ENSG00000142789,Pancreas
ENSG00000142973,Lung
ENSG00000143006,Testis
ENSG00000143028,Skeletal Muscle
ENSG00000143032,Testis
ENSG00000143105,Testis
ENSG00000143107,Testis
ENSG00000143194,Testis
ENSG00000143199,Testis
ENSG00000143257,Liver
ENSG00000143278,Liver
ENSG00000143318,Skeletal Muscle
ENSG00000143320,Esophagus
ENSG00000143333,Thyroid Gland
ENSG00000143369,Esophagus
ENSG00000143443,Testis
ENSG00000143450,Testis
ENSG00000143452,Testis
ENSG00000143473,Cerebral Cortex
ENSG00000143520,Skin
ENSG00000143536,Esophagus
ENSG00000143552,Testis
ENSG00000143556,Tonsil
ENSG00000143578,Prostate gland
ENSG00000143595,Duodenum
ENSG00000143631,Skin
ENSG00000143632,Skeletal Muscle
ENSG00000143994,Testis
ENSG00000144010,Testis
ENSG00000144015,Testis
ENSG00000144035,Kidney
ENSG00000144040,Cerebral Cortex
ENSG00000144119,Cerebral Cortex
ENSG00000144230,Cerebral Cortex
ENSG00000144290,Cerebral Cortex
ENSG00000144369,Cerebral Cortex
ENSG00000144395,Testis
ENSG00000144410,Small Intestine
ENSG00000144452,Skin
ENSG00000144460,Cerebral Cortex
ENSG00000144481,Prostate gland
ENSG00000144550,Cerebral Cortex
ENSG00000144583,Cerebral Cortex
ENSG00000144644,Skeletal Muscle
ENSG00000144648,Placenta
ENSG00000144671,Testis
ENSG00000144771,Spleen
ENSG00000144834,Cerebral Cortex
ENSG00000144962,Testis
ENSG00000145040,Skin
ENSG00000145192,Liver
ENSG00000145198,Adrenal Gland
ENSG00000145309,Testis
ENSG00000145321,Liver
ENSG00000145358,Skeletal Muscle
ENSG00000145451,Cerebral Cortex
ENSG00000145491,Testis
ENSG00000145681,Placenta
ENSG00000145700,Testis
ENSG00000145721,Cerebral Cortex
ENSG00000145757,Testis
ENSG00000145794,Cerebral Cortex
ENSG00000145826,Liver
ENSG00000145864,Cerebral Cortex
ENSG00000145975,Testis
ENSG00000146005,Cerebral Cortex
ENSG00000146006,Cerebral Cortex
ENSG00000146047,Testis
ENSG00000146197,Thyroid Gland
ENSG00000146360,Cerebral Cortex
ENSG00000146378,Testis
ENSG00000146383,Kidney
ENSG00000146618,Placenta
ENSG00000146839,Testis
ENSG00000146926,Skeletal Muscle
ENSG00000147003,Kidney
ENSG00000147081,Testis
ENSG00000147082,Testis
ENSG00000147183,Testis
ENSG00000147246,Cerebral Cortex
ENSG00000147256,Adrenal Gland
ENSG00000147257,Placenta
ENSG00000147378,Testis
ENSG00000147381,Testis
ENSG00000147488,Cerebral Cortex
ENSG00000147570,Testis
ENSG00000147588,Cerebral Cortex
ENSG00000147606,Thyroid Gland
ENSG00000147614,Kidney
ENSG00000147689,Esophagus
ENSG00000147873,Duodenum
ENSG00000148156,Testis
ENSG00000148200,Testis
ENSG00000148377,Skeletal Muscle
ENSG00000148482,Cerebral Cortex
ENSG00000148513,Testis
ENSG00000148602,Testis
ENSG00000148604,Cerebral Cortex
ENSG00000148677,Heart
ENSG00000148795,Adrenal Gland
ENSG00000148848,Placenta
ENSG00000148948,Cerebral Cortex
ENSG00000148965,Liver
ENSG00000149021,Lung
ENSG00000149295,Adrenal Gland
ENSG00000149452,Kidney
ENSG00000149506,Testis
ENSG00000149507,Testis
ENSG00000149516,Bone Marrow
ENSG00000149557,Cerebral Cortex
ENSG00000149571,Cerebral Cortex
ENSG00000149575,Cerebral Cortex
ENSG00000149599,Testis
ENSG00000149609,Testis
ENSG00000149646,Testis
ENSG00000149679,Testis
ENSG00000149742,Liver
ENSG00000149925,Skeletal Muscle
ENSG00000149926,Testis
ENSG00000149970,Cerebral Cortex
ENSG00000150048,Placenta
ENSG00000150201,Kidney
ENSG00000150244,Skin
ENSG00000150394,Cerebral Cortex
ENSG00000150551,Fallopian Tube
ENSG00000150625,Cerebral Cortex
ENSG00000150628,Testis
ENSG00000150672,Cerebral Cortex
ENSG00000150676,Testis
ENSG00000150783,Testis
ENSG00000150873,Fallopian Tube
ENSG00000151005,Testis
ENSG00000151025,Cerebral Cortex
ENSG00000151033,Testis
ENSG00000151164,Testis
ENSG00000151224,Liver
ENSG00000151287,Testis
ENSG00000151360,Testis
ENSG00000151418,Kidney
ENSG00000151475,Testis
ENSG00000151503,Prostate gland
ENSG00000151615,Testis
ENSG00000151655,Liver
ENSG00000151704,Kidney
ENSG00000151790,Liver
ENSG00000151834,Cerebral Cortex
ENSG00000151838,Testis
ENSG00000151846,Testis
ENSG00000151882,Salivary Gland
ENSG00000151917,Cerebral Cortex
ENSG00000151952,Cerebral Cortex
ENSG00000151962,Testis
ENSG00000152034,Cerebral Cortex
ENSG00000152093,Prostate gland
ENSG00000152214,Cerebral Cortex
ENSG00000152254,Pancreas
ENSG00000152430,Testis
ENSG00000152463,Testis
ENSG00000152503,Testis
ENSG00000152578,Cerebral Cortex
ENSG00000152592,Testis
ENSG00000152595,Cerebral Cortex
ENSG00000152611,Fallopian Tube
ENSG00000152670,Testis
ENSG00000152705,Testis
ENSG00000152822,Cerebral Cortex
ENSG00000152910,Cerebral Cortex
ENSG00000152932,Cerebral Cortex
ENSG00000152954,Cerebral Cortex
ENSG00000152977,Cerebral Cortex
ENSG00000153002,Pancreas
ENSG00000153060,Testis
ENSG00000153132,Testis
ENSG00000153165,Testis
ENSG00000153253,Cerebral Cortex
ENSG00000153266,Cerebral Cortex
ENSG00000153495,Testis
ENSG00000153498,Testis
ENSG00000153684,Testis
ENSG00000153779,Testis
ENSG00000153789,Fallopian Tube
ENSG00000153790,Testis
ENSG00000154007,Testis
ENSG00000154025,Kidney
ENSG00000154027,Cerebral Cortex
ENSG00000154040,Testis
ENSG00000154118,Cerebral Cortex
ENSG00000154146,Cerebral Cortex
ENSG00000154277,Cerebral Cortex
ENSG00000154342,Placenta
ENSG00000154358,Skeletal Muscle
ENSG00000154438,Testis
ENSG00000154478,Cerebral Cortex
ENSG00000154479,Testis
ENSG00000154611,Testis
ENSG00000154646,Duodenum
ENSG00000154917,Cerebral Cortex
ENSG00000154975,Cerebral Cortex
ENSG00000154997,Testis
ENSG00000155087,Testis
ENSG00000155249,Testis
ENSG00000155495,Testis
ENSG00000155511,Cerebral Cortex
ENSG00000155622,Placenta
ENSG00000155657,Skeletal Muscle
ENSG00000155714,Testis
ENSG00000155754,Testis
ENSG00000155816,Cerebral Cortex
ENSG00000155833,Testis
ENSG00000155875,Testis
ENSG00000155886,Cerebral Cortex
ENSG00000155890,Testis
ENSG00000155918,Esophagus
ENSG00000155980,Cerebral Cortex
ENSG00000156009,Placenta
ENSG00000156076,Lung
ENSG00000156096,Liver
ENSG00000156282,Esophagus
ENSG00000156509,Testis
ENSG00000156575,Bone Marrow
ENSG00000156959,Cerebral Cortex
ENSG00000157017,Stomach
ENSG00000157060,Testis
ENSG00000157064,Cerebral Cortex
ENSG00000157093,Testis
ENSG00000157119,Skeletal Muscle
ENSG00000157131,Liver
ENSG00000157150,Adipose
ENSG00000157152,Cerebral Cortex
ENSG00000157214,Prostate gland
ENSG00000157219,Cerebral Cortex
ENSG00000157343,Testis
ENSG00000157502,Ovary
ENSG00000157542,Cerebral Cortex
ENSG00000157578,Testis
ENSG00000157653,Testis
ENSG00000157765,Lung
ENSG00000157884,Testis
ENSG00000158296,Kidney
ENSG00000158516,Pancreas
ENSG00000158525,Testis
ENSG00000158553,Testis
ENSG00000158560,Cerebral Cortex
ENSG00000158578,Bone Marrow
ENSG00000158639,Testis
ENSG00000158715,Prostate gland
ENSG00000158874,Liver
ENSG00000159164,Cerebral Cortex
ENSG00000159173,Skeletal Muscle
ENSG00000159197,Stomach
ENSG00000159224,Duodenum
ENSG00000159251,Heart
ENSG00000159289,Testis
ENSG00000159339,Bone Marrow
ENSG00000159398,Liver
ENSG00000159455,Skin
ENSG00000159496,Bone Marrow
ENSG00000159516,Skin
ENSG00000159588,Fallopian Tube
ENSG00000159625,Testis
ENSG00000159650,Liver
ENSG00000159763,Salivary Gland
ENSG00000159784,Cerebral Cortex
ENSG00000159871,Skin
ENSG00000159915,Testis
ENSG00000160181,Stomach
ENSG00000160182,Stomach
ENSG00000160202,Kidney
ENSG00000160207,Testis
ENSG00000160213,Esophagus
ENSG00000160339,Liver
ENSG00000160401,Fallopian Tube
ENSG00000160469,Cerebral Cortex
ENSG00000160471,Testis
ENSG00000160472,Fallopian Tube
ENSG00000160716,Cerebral Cortex
ENSG00000160781,Cerebral Cortex
ENSG00000160801,Kidney
ENSG00000160882,Adrenal Gland
ENSG00000160994,Testis
ENSG00000161031,Liver
ENSG00000161036,Testis
ENSG00000161082,Cerebral Cortex
ENSG00000161180,Testis
ENSG00000161249,Skin
ENSG00000161594,Testis
ENSG00000161609,Testis
ENSG00000161652,Testis
ENSG00000161681,Cerebral Cortex
ENSG00000161849,Tonsil
ENSG00000161860,Testis
ENSG00000161944,Liver
ENSG00000161973,Testis
ENSG00000162004,Fallopian Tube
ENSG00000162039,Testis
ENSG00000162078,Salivary Gland
ENSG00000162129,Testis
ENSG00000162188,Cerebral Cortex
ENSG00000162267,Liver
ENSG00000162344,Gall Bladder
ENSG00000162399,Kidney
ENSG00000162438,Pancreas
ENSG00000162592,Testis
ENSG00000162620,Testis
ENSG00000162639,Testis
ENSG00000162641,Testis
ENSG00000162676,Bone Marrow
ENSG00000162728,Cerebral Cortex
ENSG00000162753,Testis
ENSG00000162763,Testis
ENSG00000162771,Testis
ENSG00000162779,Testis
ENSG00000162782,Testis
ENSG00000162843,Testis
ENSG00000162873,Ovary
ENSG00000162975,Cerebral Cortex
ENSG00000163012,Testis
ENSG00000163032,Cerebral Cortex
ENSG00000163046,Testis
ENSG00000163114,Testis
ENSG00000163121,Salivary Gland
ENSG00000163126,Skeletal Muscle
ENSG00000163202,Tonsil
ENSG00000163206,Testis
ENSG00000163209,Esophagus
ENSG00000163216,Esophagus
ENSG00000163218,Skin
ENSG00000163221,Bone Marrow
ENSG00000163239,Testis
ENSG00000163254,Testis
ENSG00000163283,Placenta
ENSG00000163285,Cerebral Cortex
ENSG00000163288,Cerebral Cortex
ENSG00000163377,Adrenal Gland
ENSG00000163424,Testis
ENSG00000163440,Testis
ENSG00000163467,Testis
ENSG00000163492,Heart
ENSG00000163530,Testis
ENSG00000163535,Testis
ENSG00000163536,Cerebral Cortex
ENSG00000163554,Bone Marrow
ENSG00000163581,Liver
ENSG00000163623,Esophagus
ENSG00000163630,Cerebral Cortex
ENSG00000163631,Liver
ENSG00000163645,Testis
ENSG00000163660,Bone Marrow
ENSG00000163705,Testis
ENSG00000163746,Testis
ENSG00000163749,Testis
ENSG00000163793,Testis
ENSG00000163803,Small Intestine
ENSG00000163806,Testis
ENSG00000163810,Prostate gland
ENSG00000163825,Liver
ENSG00000163873,Cerebral Cortex
ENSG00000163923,Testis
ENSG00000163935,Testis
ENSG00000163958,Testis
ENSG00000164037,Testis
ENSG00000164047,Bone Marrow
ENSG00000164061,Cerebral Cortex
ENSG00000164070,Testis
ENSG00000164076,Cerebral Cortex
ENSG00000164093,Placenta
ENSG00000164113,Testis
ENSG00000164123,Testis
ENSG00000164256,Testis
ENSG00000164265,Lung
ENSG00000164299,Testis
ENSG00000164304,Testis
ENSG00000164325,Kidney
ENSG00000164326,Adrenal Gland
ENSG00000164334,Testis
ENSG00000164344,Liver
ENSG00000164363,Kidney
ENSG00000164399,Testis
ENSG00000164404,Testis
ENSG00000164406,Liver
ENSG00000164434,Cerebral Cortex
ENSG00000164451,Placenta
ENSG00000164500,Testis
ENSG00000164508,Testis
ENSG00000164588,Cerebral Cortex
ENSG00000164591,Skeletal Muscle
ENSG00000164600,Cerebral Cortex
ENSG00000164645,Testis
ENSG00000164651,Prostate gland
ENSG00000164675,Testis
ENSG00000164707,Placenta
ENSG00000164729,Testis
ENSG00000164742,Cerebral Cortex
ENSG00000164744,Testis
ENSG00000164761,Thyroid Gland
ENSG00000164776,Skeletal Muscle
ENSG00000164794,Cerebral Cortex
ENSG00000164821,Bone Marrow
ENSG00000164853,Kidney
ENSG00000164867,Spleen
ENSG00000164879,Skeletal Muscle
ENSG00000164893,Kidney
ENSG00000164929,Cerebral Cortex
ENSG00000165023,Cerebral Cortex
ENSG00000165059,Testis
ENSG00000165066,Duodenum
ENSG00000165076,Testis
ENSG00000165113,Testis
ENSG00000165120,Testis
ENSG00000165131,Testis
ENSG00000165164,Fallopian Tube
ENSG00000165181,Testis
ENSG00000165182,Testis
ENSG00000165197,Lung
ENSG00000165269,Adipose
ENSG00000165325,Testis
ENSG00000165409,Thyroid Gland
ENSG00000165434,Cerebral Cortex
ENSG00000165462,Adrenal Gland
ENSG00000165471,Liver
ENSG00000165474,Esophagus
ENSG00000165478,Cerebral Cortex
ENSG00000165496,Testis
ENSG00000165566,Cerebral Cortex
ENSG00000165568,Testis
ENSG00000165584,Testis
ENSG00000165588,Testis
ENSG00000165606,Adrenal Gland
ENSG00000165623,Ovary
ENSG00000165685,Kidney
ENSG00000165702,Bone Marrow
ENSG00000165731,Adrenal Gland
ENSG00000165805,Testis
ENSG00000165837,Testis
ENSG00000165917,Skeletal Muscle
ENSG00000165953,Skin
ENSG00000165972,Testis
ENSG00000165985,Cerebral Cortex
ENSG00000166006,Cerebral Cortex
ENSG00000166035,Liver
ENSG00000166049,Testis
ENSG00000166069,Testis
ENSG00000166091,Cerebral Cortex
ENSG00000166111,Cerebral Cortex
ENSG00000166118,Testis
ENSG00000166152,Testis
ENSG00000166159,Cerebral Cortex
ENSG00000166211,Spleen
ENSG00000166220,Testis
ENSG00000166246,Testis
ENSG00000166257,Cerebral Cortex
ENSG00000166323,Testis
ENSG00000166329,Testis
ENSG00000166342,Cerebral Cortex
ENSG00000166343,Skeletal Muscle
ENSG00000166351,Testis
ENSG00000166509,Urinary Bladder
ENSG00000166796,Testis
ENSG00000166800,Testis
ENSG00000166819,Adipose
ENSG00000166845,Testis
ENSG00000166856,Spleen
ENSG00000166862,Cerebral Cortex
ENSG00000166863,Placenta
ENSG00000166897,Cerebral Cortex
ENSG00000166926,Testis
ENSG00000166928,Testis
ENSG00000166930,Testis
ENSG00000166947,Bone Marrow
ENSG00000166948,Tonsil
ENSG00000166960,Testis
ENSG00000166961,Lung
ENSG00000166963,Cerebral Cortex
ENSG00000166984,Testis
ENSG00000167014,Testis
ENSG00000167034,Prostate gland
ENSG00000167098,Testis
ENSG00000167139,Testis
ENSG00000167194,Testis
ENSG00000167195,Testis
ENSG00000167210,Testis
ENSG00000167244,Placenta
ENSG00000167332,Prostate gland
ENSG00000167346,Endometrium
ENSG00000167419,Salivary Gland
ENSG00000167476,Skeletal Muscle
ENSG00000167525,Testis
ENSG00000167531,Testis
ENSG00000167580,Kidney
ENSG00000167619,Cerebral Cortex
ENSG00000167653,Stomach
ENSG00000167654,Cerebral Cortex
ENSG00000167676,Adipose
ENSG00000167711,Liver
ENSG00000167749,Prostate gland
ENSG00000167751,Prostate gland
ENSG00000167754,Skin
ENSG00000167759,Esophagus
ENSG00000167768,Skin
ENSG00000167769,Skin
ENSG00000167791,Testis
ENSG00000167889,Cerebral Cortex
ENSG00000167910,Liver
ENSG00000167914,Skin
ENSG00000167941,Kidney
ENSG00000167971,Cerebral Cortex
ENSG00000168026,Testis
ENSG00000168070,Testis
ENSG00000168078,Testis
ENSG00000168131,Testis
ENSG00000168148,Testis
ENSG00000168263,Testis
ENSG00000168267,Pancreas
ENSG00000168298,Bone Marrow
ENSG00000168314,Cerebral Cortex
ENSG00000168333,Skeletal Muscle
ENSG00000168418,Adrenal Gland
ENSG00000168454,Testis
ENSG00000168484,Lung
ENSG00000168491,Testis
ENSG00000168515,Fallopian Tube
ENSG00000168530,Skeletal Muscle
ENSG00000168582,Cerebral Cortex
ENSG00000168594,Testis
ENSG00000168619,Testis
ENSG00000168631,Stomach
ENSG00000168676,Testis
ENSG00000168703,Skin
ENSG00000168757,Testis
ENSG00000168878,Lung
ENSG00000168907,Skin
ENSG00000168913,Cerebral Cortex
ENSG00000168925,Pancreas
ENSG00000168928,Pancreas
ENSG00000168930,Testis
ENSG00000168959,Cerebral Cortex
ENSG00000168993,Cerebral Cortex
ENSG00000169006,Cerebral Cortex
ENSG00000169059,Testis
ENSG00000169085,Cerebral Cortex
ENSG00000169154,Testis
ENSG00000169194,Testis
ENSG00000169214,Testis
ENSG00000169258,Cerebral Cortex
ENSG00000169306,Cerebral Cortex
ENSG00000169313,Cerebral Cortex
ENSG00000169330,Adrenal Gland
ENSG00000169340,Testis
ENSG00000169344,Kidney
ENSG00000169347,Pancreas
ENSG00000169385,Bone Marrow
ENSG00000169393,Testis
ENSG00000169397,Bone Marrow
ENSG00000169429,Bone Marrow
ENSG00000169474,Esophagus
ENSG00000169495,Placenta
ENSG00000169551,Testis
ENSG00000169575,Bone Marrow
ENSG00000169605,Stomach
ENSG00000169710,Adipose
ENSG00000169717,Testis
ENSG00000169760,Cerebral Cortex
ENSG00000169763,Urinary Bladder
ENSG00000169783,Cerebral Cortex
ENSG00000169840,Cerebral Cortex
ENSG00000169862,Cerebral Cortex
ENSG00000169877,Bone Marrow
ENSG00000169885,Skeletal Muscle
ENSG00000169906,Duodenum
ENSG00000169933,Cerebral Cortex
ENSG00000170044,Gall Bladder
ENSG00000170075,Cerebral Cortex
ENSG00000170091,Cerebral Cortex
ENSG00000170162,Skeletal Muscle
ENSG00000170180,Bone Marrow
ENSG00000170231,Small Intestine
ENSG00000170236,Testis
ENSG00000170255,Skin
ENSG00000170290,Skeletal Muscle
ENSG00000170323,Adipose
ENSG00000170367,Salivary Gland
ENSG00000170369,Salivary Gland
ENSG00000170390,Cerebral Cortex
ENSG00000170423,Esophagus
ENSG00000170454,Tonsil
ENSG00000170465,Esophagus
ENSG00000170469,Testis
ENSG00000170477,Esophagus
ENSG00000170486,Testis
ENSG00000170498,Placenta
ENSG00000170509,Liver
ENSG00000170516,Testis
ENSG00000170523,Thyroid Gland
ENSG00000170579,Cerebral Cortex
ENSG00000170613,Testis
ENSG00000170627,Testis
ENSG00000170683,Skin
ENSG00000170748,Testis
ENSG00000170777,Testis
ENSG00000170782,Testis
ENSG00000170788,Testis
ENSG00000170835,Pancreas
ENSG00000170848,Placenta
ENSG00000170890,Pancreas
ENSG00000170893,Endometrium
ENSG00000170925,Testis
ENSG00000170927,Kidney
ENSG00000170929,Fallopian Tube
ENSG00000170948,Testis
ENSG00000170950,Testis
ENSG00000170953,Testis
ENSG00000170965,Placenta
ENSG00000170967,Testis
ENSG00000171014,Rectum
ENSG00000171049,Appendix
ENSG00000171053,Cerebral Cortex
ENSG00000171060,Testis
ENSG00000171180,Cerebral Cortex
ENSG00000171195,Salivary Gland
ENSG00000171199,Salivary Gland
ENSG00000171201,Salivary Gland
ENSG00000171209,Salivary Gland
ENSG00000171246,Cerebral Cortex
ENSG00000171365,Kidney
ENSG00000171368,Cerebral Cortex
ENSG00000171401,Esophagus
ENSG00000171402,Placenta
ENSG00000171405,Testis
ENSG00000171450,Cerebral Cortex
ENSG00000171487,Testis
ENSG00000171489,Testis
ENSG00000171495,Testis
ENSG00000171505,Testis
ENSG00000171532,Cerebral Cortex
ENSG00000171540,Testis
ENSG00000171551,Ovary
ENSG00000171557,Liver
ENSG00000171560,Liver
ENSG00000171564,Liver
ENSG00000171587,Cerebral Cortex
ENSG00000171617,Cerebral Cortex
ENSG00000171695,Testis
ENSG00000171722,Testis
ENSG00000171772,Testis
ENSG00000171790,Testis
ENSG00000171794,Testis
ENSG00000171804,Testis
ENSG00000171855,Bone Marrow
ENSG00000171864,Testis
ENSG00000171931,Testis
ENSG00000171944,Bone Marrow
ENSG00000171989,Testis
ENSG00000172005,Esophagus
ENSG00000172020,Cerebral Cortex
ENSG00000172031,Cerebral Cortex
ENSG00000172073,Testis
ENSG00000172155,Skin
ENSG00000172179,Placenta
ENSG00000172232,Bone Marrow
ENSG00000172320,Testis
ENSG00000172352,Testis
ENSG00000172379,Cerebral Cortex
ENSG00000172382,Esophagus
ENSG00000172399,Heart
ENSG00000172404,Testis
ENSG00000172410,Rectum
ENSG00000172421,Testis
ENSG00000172425,Liver
ENSG00000172464,Testis
ENSG00000172482,Liver
ENSG00000172497,Liver
ENSG00000172519,Testis
ENSG00000172538,Testis
ENSG00000172551,Salivary Gland
ENSG00000172671,Testis
ENSG00000172680,Testis
ENSG00000172717,Testis
ENSG00000172867,Skin
ENSG00000172940,Kidney
ENSG00000172955,Liver
ENSG00000172967,Testis
ENSG00000172995,Cerebral Cortex
ENSG00000173013,Testis
ENSG00000173093,Testis
ENSG00000173213,Testis
ENSG00000173239,Skin
ENSG00000173250,Cerebral Cortex
ENSG00000173261,Testis
ENSG00000173262,Testis
ENSG00000173338,Skin
ENSG00000173389,Testis
ENSG00000173401,Testis
ENSG00000173421,Testis
ENSG00000173431,Salivary Gland
ENSG00000173432,Adipose
ENSG00000173464,Testis
ENSG00000173662,Testis
ENSG00000173673,Testis
ENSG00000173699,Testis
ENSG00000173714,Ovary
ENSG00000173728,Testis
ENSG00000173769,Testis
ENSG00000173786,Cerebral Cortex
ENSG00000173809,Testis
ENSG00000173838,Testis
ENSG00000173908,Testis
ENSG00000173947,Fallopian Tube
ENSG00000174015,Testis
ENSG00000174016,Testis
ENSG00000174038,Testis
ENSG00000174145,Cerebral Cortex
ENSG00000174225,Testis
ENSG00000174448,Testis
ENSG00000174450,Testis
ENSG00000174453,Cerebral Cortex
ENSG00000174521,Cerebral Cortex
ENSG00000174667,Testis
ENSG00000174697,Adipose
ENSG00000174788,Testis
ENSG00000174792,Placenta
ENSG00000174871,Cerebral Cortex
ENSG00000174876,Salivary Gland
ENSG00000174963,Cerebral Cortex
ENSG00000174990,Liver
ENSG00000175003,Liver
ENSG00000175018,Testis
ENSG00000175097,Thyroid Gland
ENSG00000175121,Skin
ENSG00000175161,Cerebral Cortex
ENSG00000175189,Liver
ENSG00000175202,Testis
ENSG00000175206,Heart
ENSG00000175267,Fallopian Tube
ENSG00000175294,Testis
ENSG00000175315,Skin
ENSG00000175336,Liver
ENSG00000175398,Heart
ENSG00000175445,Adipose
ENSG00000175513,Testis
ENSG00000175518,Testis
ENSG00000175520,Testis
ENSG00000175535,Pancreas
ENSG00000175564,Skeletal Muscle
ENSG00000175646,Testis
ENSG00000175664,Testis
ENSG00000175699,Testis
ENSG00000175718,Testis
ENSG00000175809,Testis
ENSG00000175820,Testis
ENSG00000175874,Cerebral Cortex
ENSG00000175877,Testis
ENSG00000176009,Salivary Gland
ENSG00000176049,Cerebral Cortex
ENSG00000176083,Testis
ENSG00000176160,Testis
ENSG00000176177,Testis
ENSG00000176194,Adipose
ENSG00000176198,Testis
ENSG00000176204,Cerebral Cortex
ENSG00000176219,Testis
ENSG00000176256,Testis
ENSG00000176294,Testis
ENSG00000176299,Testis
ENSG00000176302,Testis
ENSG00000176381,Cerebral Cortex
ENSG00000176495,Tonsil
ENSG00000176563,Testis
ENSG00000176566,Testis
ENSG00000176571,Testis
ENSG00000176635,Testis
ENSG00000176679,Testis
ENSG00000176732,Testis
ENSG00000176742,Bone Marrow
ENSG00000176746,Testis
ENSG00000176769,Thyroid Gland
ENSG00000176774,Testis
ENSG00000176787,Testis
ENSG00000176884,Cerebral Cortex
ENSG00000176887,Cerebral Cortex
ENSG00000176895,Testis
ENSG00000176900,Prostate gland
ENSG00000176922,Testis
ENSG00000176925,Prostate gland
ENSG00000176927,Testis
ENSG00000176956,Cerebral Cortex
ENSG00000176988,Testis
ENSG00000177108,Cerebral Cortex
ENSG00000177143,Testis
ENSG00000177202,Testis
ENSG00000177238,Skeletal Muscle
ENSG00000177275,Spleen
ENSG00000177294,Testis
ENSG00000177301,Cerebral Cortex
ENSG00000177324,Testis
ENSG00000177414,Testis
ENSG00000177453,Cerebral Cortex
ENSG00000177483,Testis
ENSG00000177504,Testis
ENSG00000177511,Cerebral Cortex
ENSG00000177558,Testis
ENSG00000177627,Testis
ENSG00000177666,Adipose
ENSG00000177673,Testis
ENSG00000177689,Testis
ENSG00000177710,Testis
ENSG00000177752,Skeletal Muscle
ENSG00000177791,Skeletal Muscle
ENSG00000177938,Testis
ENSG00000177947,Testis
ENSG00000177992,Testis
ENSG00000177994,Testis
ENSG00000178021,Testis
ENSG00000178093,Testis
ENSG00000178171,Cerebral Cortex
ENSG00000178233,Cerebral Cortex
ENSG00000178235,Cerebral Cortex
ENSG00000178257,Testis
ENSG00000178279,Testis
ENSG00000178287,Fallopian Tube
ENSG00000178363,Esophagus
ENSG00000178395,Testis
ENSG00000178403,Testis
ENSG00000178404,Testis
ENSG00000178460,Testis
ENSG00000178591,Testis
ENSG00000178602,Thyroid Gland
ENSG00000178645,Testis
ENSG00000178690,Esophagus
ENSG00000178772,Liver
ENSG00000178795,Testis
ENSG00000178804,Testis
ENSG00000178882,Stomach
ENSG00000178919,Thyroid Gland
ENSG00000178928,Testis
ENSG00000178934,Skin
ENSG00000178997,Testis
ENSG00000179002,Duodenum
ENSG00000179008,Testis
ENSG00000179058,Testis
ENSG00000179059,Testis
ENSG00000179088,Testis
ENSG00000179142,Adrenal Gland
ENSG00000179148,Skin
ENSG00000179165,Testis
ENSG00000179168,Testis
ENSG00000179172,Testis
ENSG00000179213,Testis
ENSG00000179284,Heart
ENSG00000179292,Cerebral Cortex
ENSG00000179363,Testis
ENSG00000179397,Testis
ENSG00000179407,Testis
ENSG00000179580,Testis
ENSG00000179600,Testis
ENSG00000179636,Testis
ENSG00000179673,Cerebral Cortex
ENSG00000179695,Testis
ENSG00000179698,Testis
ENSG00000179751,Pancreas
ENSG00000179813,Fallopian Tube
ENSG00000179841,Cerebral Cortex
ENSG00000179846,Skin
ENSG00000179859,Skin
ENSG00000179869,Bone Marrow
ENSG00000179915,Cerebral Cortex
ENSG00000180043,Testis
ENSG00000180083,Testis
ENSG00000180090,Testis
ENSG00000180113,Testis
ENSG00000180116,Testis
ENSG00000180138,Testis
ENSG00000180176,Adrenal Gland
ENSG00000180209,Skeletal Muscle
ENSG00000180210,Liver
ENSG00000180219,Testis
ENSG00000180251,Stomach
ENSG00000180269,Testis
ENSG00000180305,Testis
ENSG00000180316,Skin
ENSG00000180332,Cerebral Cortex
ENSG00000180336,Testis
ENSG00000180354,Cerebral Cortex
ENSG00000180424,Testis
ENSG00000180432,Liver
ENSG00000180433,Bone Marrow
ENSG00000180481,Testis
ENSG00000180483,Testis
ENSG00000180697,Testis
ENSG00000180777,Testis
ENSG00000180815,Adrenal Gland
ENSG00000180878,Testis
ENSG00000180929,Cerebral Cortex
ENSG00000180934,Testis
ENSG00000180974,Testis
ENSG00000180998,Cerebral Cortex
ENSG00000180999,Testis
ENSG00000181009,Placenta
ENSG00000181016,Skeletal Muscle
ENSG00000181092,Adipose
ENSG00000181215,Cerebral Cortex
ENSG00000181240,Testis
ENSG00000181273,Spleen
ENSG00000181323,Testis
ENSG00000181371,Testis
ENSG00000181418,Cerebral Cortex
ENSG00000181433,Testis
ENSG00000181458,Skin
ENSG00000181577,Lung
ENSG00000181609,Testis
ENSG00000181626,Testis
ENSG00000181649,Placenta
ENSG00000181698,Testis
ENSG00000181781,Testis
ENSG00000181786,Testis
ENSG00000181790,Cerebral Cortex
ENSG00000181803,Spleen
ENSG00000181867,Testis
ENSG00000181903,Tonsil
ENSG00000181965,Testis
ENSG00000182010,Lung
ENSG00000182035,Testis
ENSG00000182053,Testis
ENSG00000182077,Testis
ENSG00000182083,Testis
ENSG00000182103,Cerebral Cortex
ENSG00000182111,Testis
ENSG00000182132,Cerebral Cortex
ENSG00000182170,Testis
ENSG00000182187,Testis
ENSG00000182261,Skin
ENSG00000182264,Testis
ENSG00000182308,Testis
ENSG00000182330,Cerebral Cortex
ENSG00000182333,Stomach
ENSG00000182334,Skin
ENSG00000182415,Testis
ENSG00000182447,Cerebral Cortex
ENSG00000182450,Cerebral Cortex
ENSG00000182459,Testis
ENSG00000182472,Gall Bladder
ENSG00000182557,Bone Marrow
ENSG00000182583,Testis
ENSG00000182584,Testis
ENSG00000182585,Esophagus
ENSG00000182601,Cerebral Cortex
ENSG00000182613,Fallopian Tube
ENSG00000182631,Adrenal Gland
ENSG00000182645,Testis
ENSG00000182652,Testis
ENSG00000182676,Skeletal Muscle
ENSG00000182712,Kidney
ENSG00000182752,Placenta
ENSG00000182791,Testis
ENSG00000182798,Testis
ENSG00000182816,Rectum
ENSG00000182890,Testis
ENSG00000182896,Testis
ENSG00000182898,Placenta
ENSG00000182950,Testis
ENSG00000183035,Testis
ENSG00000183066,Testis
ENSG00000183091,Skeletal Muscle
ENSG00000183206,Testis
ENSG00000183246,Testis
ENSG00000183248,Cerebral Cortex
ENSG00000183281,Liver
ENSG00000183303,Skin
ENSG00000183304,Testis
ENSG00000183305,Testis
ENSG00000183310,Tonsil
ENSG00000183318,Testis
ENSG00000183324,Testis
ENSG00000183347,Esophagus
ENSG00000183386,Skeletal Muscle
ENSG00000183396,Testis
ENSG00000183434,Testis
ENSG00000183454,Cerebral Cortex
ENSG00000183496,Testis
ENSG00000183559,Testis
ENSG00000183607,Stomach
ENSG00000183632,Testis
ENSG00000183640,Testis
ENSG00000183654,Testis
ENSG00000183662,Cerebral Cortex
ENSG00000183668,Placenta
ENSG00000183682,Thyroid Gland
ENSG00000183691,Placenta
ENSG00000183715,Cerebral Cortex
ENSG00000183733,Testis
ENSG00000183775,Cerebral Cortex
ENSG00000183780,Cerebral Cortex
ENSG00000183862,Testis
ENSG00000183873,Heart
ENSG00000183977,Testis
ENSG00000184022,Kidney
ENSG00000184033,Testis
ENSG00000184108,Testis
ENSG00000184144,Cerebral Cortex
ENSG00000184148,Skin
ENSG00000184155,Liver
ENSG00000184156,Cerebral Cortex
ENSG00000184166,Testis
ENSG00000184210,Skin
ENSG00000184221,Cerebral Cortex
ENSG00000184226,Cerebral Cortex
ENSG00000184260,Bone Marrow
ENSG00000184261,Cerebral Cortex
ENSG00000184302,Testis
ENSG00000184330,Tonsil
ENSG00000184345,Testis
ENSG00000184357,Bone Marrow
ENSG00000184361,Testis
ENSG00000184378,Testis
ENSG00000184459,Skin
ENSG00000184478,Testis
ENSG00000184481,Placenta
ENSG00000184486,Cerebral Cortex
ENSG00000184507,Testis
ENSG00000184524,Cerebral Cortex
ENSG00000184560,Testis
ENSG00000184571,Testis
ENSG00000184611,Cerebral Cortex
ENSG00000184647,Testis
ENSG00000184650,Testis
ENSG00000184716,Testis
ENSG00000184735,Testis
ENSG00000184811,Adipose
ENSG00000184814,Testis
ENSG00000184897,Bone Marrow
ENSG00000184933,Testis
ENSG00000184945,Pancreas
ENSG00000184999,Liver
ENSG00000185013,Testis
ENSG00000185046,Cerebral Cortex
ENSG00000185056,Testis
ENSG00000185069,Tonsil
ENSG00000185100,Skeletal Muscle
ENSG00000185105,Skeletal Muscle
ENSG00000185130,Bone Marrow
ENSG00000185133,Thyroid Gland
ENSG00000185176,Pancreas
ENSG00000185177,Testis
ENSG00000185198,Bone Marrow
ENSG00000185231,Adrenal Gland
ENSG00000185264,Testis
ENSG00000185269,Placenta
ENSG00000185271,Skeletal Muscle
ENSG00000185290,Testis
ENSG00000185294,Testis
ENSG00000185303,Lung
ENSG00000185306,Testis
ENSG00000185313,Testis
ENSG00000185372,Fallopian Tube
ENSG00000185448,Testis
ENSG00000185479,Esophagus
ENSG00000185482,Skeletal Muscle
ENSG00000185518,Cerebral Cortex
ENSG00000185523,Testis
ENSG00000185615,Pancreas
ENSG00000185640,Skin
ENSG00000185662,Testis
ENSG00000185664,Skin
ENSG00000185668,Skin
ENSG00000185686,Testis
ENSG00000185689,Testis
ENSG00000185736,Cerebral Cortex
ENSG00000185742,Cerebral Cortex
ENSG00000185774,Cerebral Cortex
ENSG00000185775,Testis
ENSG00000185823,Testis
ENSG00000185842,Testis
ENSG00000185863,Testis
ENSG00000185888,Testis
ENSG00000185915,Skeletal Muscle
ENSG00000185942,Cerebral Cortex
ENSG00000185955,Testis
ENSG00000185958,Testis
ENSG00000185962,Tonsil
ENSG00000185972,Testis
ENSG00000185974,Thyroid Gland
ENSG00000186007,Testis
ENSG00000186075,Testis
ENSG00000186103,Testis
ENSG00000186118,Testis
ENSG00000186143,Testis
ENSG00000186150,Testis
ENSG00000186190,Testis
ENSG00000186207,Skin
ENSG00000186226,Skin
ENSG00000186280,Testis
ENSG00000186297,Cerebral Cortex
ENSG00000186329,Fallopian Tube
ENSG00000186334,Testis
ENSG00000186393,Testis
ENSG00000186395,Skin
ENSG00000186431,Bone Marrow
ENSG00000186439,Skeletal Muscle
ENSG00000186440,Testis
ENSG00000186451,Testis
ENSG00000186452,Testis
ENSG00000186453,Testis
ENSG00000186462,Cerebral Cortex
ENSG00000186487,Cerebral Cortex
ENSG00000186513,Testis
ENSG00000186526,Prostate gland
ENSG00000186652,Placenta
ENSG00000186710,Fallopian Tube
ENSG00000186714,Testis
ENSG00000186732,Cerebral Cortex
ENSG00000186788,Testis
ENSG00000186790,Testis
ENSG00000186832,Esophagus
ENSG00000186844,Skin
ENSG00000186847,Skin
ENSG00000186868,Cerebral Cortex
ENSG00000186910,Liver
ENSG00000186971,Adrenal Gland
ENSG00000186973,Fallopian Tube
ENSG00000187003,Testis
ENSG00000187005,Skin
ENSG00000187021,Pancreas
ENSG00000187045,Liver
ENSG00000187105,Testis
ENSG00000187122,Cerebral Cortex
ENSG00000187135,Cerebral Cortex
ENSG00000187144,Testis
ENSG00000187151,Ovary
ENSG00000187166,Testis
ENSG00000187170,Skin
ENSG00000187173,Skin
ENSG00000187180,Skin
ENSG00000187191,Testis
ENSG00000187223,Skin
ENSG00000187238,Tonsil
ENSG00000187268,Spleen
ENSG00000187272,Tonsil
ENSG00000187288,Adipose
ENSG00000187475,Testis
ENSG00000187492,Fallopian Tube
ENSG00000187516,Testis
ENSG00000187533,Salivary Gland
ENSG00000187545,Liver
ENSG00000187550,Heart
ENSG00000187581,Testis
ENSG00000187658,Testis
ENSG00000187672,Cerebral Cortex
ENSG00000187689,Tonsil
ENSG00000187701,Testis
ENSG00000187730,Cerebral Cortex
ENSG00000187753,Testis
ENSG00000187754,Testis
ENSG00000187758,Liver
ENSG00000187772,Placenta
ENSG00000187775,Testis
ENSG00000187783,Kidney
ENSG00000187791,Testis
ENSG00000187806,Testis
ENSG00000187833,Testis
ENSG00000187902,Cerebral Cortex
ENSG00000187918,Testis
ENSG00000187969,Testis
ENSG00000187997,Bone Marrow
ENSG00000188032,Testis
ENSG00000188037,Skeletal Muscle
ENSG00000188050,Testis
ENSG00000188089,Skin
ENSG00000188120,Stomach
ENSG00000188162,Testis
ENSG00000188163,Testis
ENSG00000188191,Cerebral Cortex
ENSG00000188269,Testis
ENSG00000188293,Esophagus
ENSG00000188312,Skin
ENSG00000188334,Testis
ENSG00000188340,Bone Marrow
ENSG00000188368,Testis
ENSG00000188375,Testis
ENSG00000188386,Testis
ENSG00000188393,Skin
ENSG00000188396,Fallopian Tube
ENSG00000188408,Testis
ENSG00000188425,Testis
ENSG00000188467,Skin
ENSG00000188508,Skin
ENSG00000188580,Cerebral Cortex
ENSG00000188585,Testis
ENSG00000188624,Skin
ENSG00000188659,Fallopian Tube
ENSG00000188672,Bone Marrow
ENSG00000188674,Cerebral Cortex
ENSG00000188676,Placenta
ENSG00000188716,Skeletal Muscle
ENSG00000188782,Testis
ENSG00000188800,Testis
ENSG00000188816,Kidney
ENSG00000188817,Fallopian Tube
ENSG00000188909,Testis
ENSG00000189023,Testis
ENSG00000189037,Testis
ENSG00000189052,Placenta
ENSG00000189064,Testis
ENSG00000189068,Bone Marrow
ENSG00000189090,Skin
ENSG00000189099,Testis
ENSG00000189132,Testis
ENSG00000189134,Testis
ENSG00000189139,Testis
ENSG00000189167,Testis
ENSG00000189181,Cerebral Cortex
ENSG00000189182,Skin
ENSG00000189186,Testis
ENSG00000189252,Testis
ENSG00000189253,Placenta
ENSG00000189269,Testis
ENSG00000189299,Testis
ENSG00000189326,Testis
ENSG00000189357,Testis
ENSG00000189375,Testis
ENSG00000189401,Testis
ENSG00000189433,Skin
ENSG00000196074,Testis
ENSG00000196091,Skeletal Muscle
ENSG00000196119,Testis
ENSG00000196136,Liver
ENSG00000196184,Testis
ENSG00000196188,Stomach
ENSG00000196218,Skeletal Muscle
ENSG00000196224,Testis
ENSG00000196242,Testis
ENSG00000196260,Lung
ENSG00000196296,Skeletal Muscle
ENSG00000196335,Testis
ENSG00000196341,Testis
ENSG00000196344,Esophagus
ENSG00000196350,Testis
ENSG00000196361,Cerebral Cortex
ENSG00000196371,Bone Marrow
ENSG00000196376,Cerebral Cortex
ENSG00000196406,Testis
ENSG00000196407,Skin
ENSG00000196408,Duodenum
ENSG00000196415,Bone Marrow
ENSG00000196475,Testis
ENSG00000196539,Spleen
ENSG00000196553,Testis
ENSG00000196565,Placenta
ENSG00000196578,Testis
ENSG00000196589,Testis
ENSG00000196600,Liver
ENSG00000196632,Testis
ENSG00000196734,Skin
ENSG00000196778,Appendix
ENSG00000196800,Rectum
ENSG00000196811,Skeletal Muscle
ENSG00000196839,Duodenum
ENSG00000196860,Testis
ENSG00000196862,Testis
ENSG00000196876,Cerebral Cortex
ENSG00000196944,Cerebral Cortex
ENSG00000196946,Testis
ENSG00000196990,Cerebral Cortex
ENSG00000197084,Skin
ENSG00000197106,Cerebral Cortex
ENSG00000197123,Testis
ENSG00000197125,Duodenum
ENSG00000197140,Testis
ENSG00000197172,Testis
ENSG00000197181,Testis
ENSG00000197213,Testis
ENSG00000197249,Liver
ENSG00000197279,Testis
ENSG00000197309,Testis
ENSG00000197353,Esophagus
ENSG00000197403,Bone Marrow
ENSG00000197408,Liver
ENSG00000197430,Cerebral Cortex
ENSG00000197437,Testis
ENSG00000197561,Bone Marrow
ENSG00000197587,Testis
ENSG00000197591,Thyroid Gland
ENSG00000197616,Heart
ENSG00000197641,Esophagus
ENSG00000197651,Testis
ENSG00000197658,Kidney
ENSG00000197683,Placenta
ENSG00000197706,Testis
ENSG00000197766,Adipose
ENSG00000197768,Testis
ENSG00000197849,Testis
ENSG00000197870,Salivary Gland
ENSG00000197891,Kidney
ENSG00000197901,Kidney
ENSG00000197953,Skin
ENSG00000197959,Cerebral Cortex
ENSG00000197971,Cerebral Cortex
ENSG00000198021,Testis
ENSG00000198028,Testis
ENSG00000198033,Testis
ENSG00000198039,Skin
ENSG00000198062,Prostate gland
ENSG00000198077,Liver
ENSG00000198099,Liver
ENSG00000198104,Kidney
ENSG00000198156,Testis
ENSG00000198157,Testis
ENSG00000198173,Testis
ENSG00000198216,Cerebral Cortex
ENSG00000198283,Testis
ENSG00000198326,Testis
ENSG00000198336,Heart
ENSG00000198390,Testis
ENSG00000198398,Kidney
ENSG00000198445,Testis
ENSG00000198467,Skeletal Muscle
ENSG00000198553,Fallopian Tube
ENSG00000198573,Testis
ENSG00000198626,Heart
ENSG00000198650,Liver
ENSG00000198670,Liver
ENSG00000198673,Cerebral Cortex
ENSG00000198681,Testis
ENSG00000198689,Cerebral Cortex
ENSG00000198704,Testis
ENSG00000198723,Testis
ENSG00000198754,Testis
ENSG00000198759,Placenta
ENSG00000198765,Testis
ENSG00000198794,Cerebral Cortex
ENSG00000198798,Testis
ENSG00000198812,Heart
ENSG00000198822,Cerebral Cortex
ENSG00000198854,Skin
ENSG00000198870,Testis
ENSG00000198881,Skeletal Muscle
ENSG00000198967,Bone Marrow
ENSG00000203661,Prostate gland
ENSG00000203697,Stomach
ENSG00000203733,Testis
ENSG00000203734,Fallopian Tube
ENSG00000203757,Bone Marrow
ENSG00000203772,Cerebral Cortex
ENSG00000203782,Skin
ENSG00000203783,Testis
ENSG00000203784,Testis
ENSG00000203786,Skin
ENSG00000203795,Testis
ENSG00000203812,Bone Marrow
ENSG00000203857,Placenta
ENSG00000203859,Adrenal Gland
ENSG00000203877,Cerebral Cortex
ENSG00000203907,Testis
ENSG00000203909,Testis
ENSG00000203910,Testis
ENSG00000203923,Testis
ENSG00000203933,Testis
ENSG00000203942,Testis
ENSG00000203985,Fallopian Tube
ENSG00000204006,Testis
ENSG00000204007,Testis
ENSG00000204010,Bone Marrow
ENSG00000204019,Testis
ENSG00000204020,Skin
ENSG00000204021,Skin
ENSG00000204022,Testis
ENSG00000204025,Testis
ENSG00000204086,Testis
ENSG00000204140,Pancreas
ENSG00000204193,Testis
ENSG00000204195,Skin
ENSG00000204246,Testis
ENSG00000204278,Cerebral Cortex
ENSG00000204279,Testis
ENSG00000204296,Testis
ENSG00000204300,Testis
ENSG00000204305,Lung
ENSG00000204334,Testis
ENSG00000204363,Testis
ENSG00000204382,Testis
ENSG00000204390,Testis
ENSG00000204414,Placenta
ENSG00000204421,Skin
ENSG00000204442,Cerebral Cortex
ENSG00000204449,Testis
ENSG00000204479,Testis
ENSG00000204480,Testis
ENSG00000204501,Liver
ENSG00000204511,Kidney
ENSG00000204538,Skin
ENSG00000204544,Esophagus
ENSG00000204548,Testis
ENSG00000204595,Placenta
ENSG00000204613,Bone Marrow
ENSG00000204632,Placenta
ENSG00000204640,Testis
ENSG00000204655,Cerebral Cortex
ENSG00000204659,Testis
ENSG00000204669,Testis
ENSG00000204671,Testis
ENSG00000204688,Testis
ENSG00000204694,Testis
ENSG00000204695,Testis
ENSG00000204701,Testis
ENSG00000204704,Testis
ENSG00000204849,Testis
ENSG00000204866,Skin
ENSG00000204887,Skin
ENSG00000204897,Testis
ENSG00000204913,Testis
ENSG00000204930,Testis
ENSG00000204941,Placenta
ENSG00000204950,Fallopian Tube
ENSG00000204952,Testis
ENSG00000204979,Testis
ENSG00000204983,Pancreas
ENSG00000205002,Testis
ENSG00000205078,Testis
ENSG00000205085,Testis
ENSG00000205108,Testis
ENSG00000205111,Testis
ENSG00000205116,Cerebral Cortex
ENSG00000205143,Liver
ENSG00000205177,Testis
ENSG00000205279,Kidney
ENSG00000205301,Testis
ENSG00000205359,Testis
ENSG00000205409,Placenta
ENSG00000205420,Esophagus
ENSG00000205442,Testis
ENSG00000205445,Fallopian Tube
ENSG00000205456,Testis
ENSG00000205457,Testis
ENSG00000205639,Bone Marrow
ENSG00000205642,Testis
ENSG00000205649,Salivary Gland
ENSG00000205678,Heart
ENSG00000205693,Testis
ENSG00000205777,Testis
ENSG00000205795,Kidney
ENSG00000205832,Testis
ENSG00000205835,Fallopian Tube
ENSG00000205857,Testis
ENSG00000205858,Testis
ENSG00000205882,Testis
ENSG00000205899,Cerebral Cortex
ENSG00000205916,Testis
ENSG00000205927,Cerebral Cortex
ENSG00000206026,Testis
ENSG00000206043,Testis
ENSG00000206047,Bone Marrow
ENSG00000206102,Testis
ENSG00000206105,Testis
ENSG00000206177,Bone Marrow
ENSG00000206181,Testis
ENSG00000206199,Fallopian Tube
ENSG00000206260,Testis
ENSG00000206422,Skeletal Muscle
ENSG00000206531,Testis
ENSG00000206535,Testis
ENSG00000206549,Testis
ENSG00000211448,Thyroid Gland
ENSG00000211656,Urinary Bladder
ENSG00000211819,Testis
ENSG00000211905,Duodenum
ENSG00000211968,Urinary Bladder
ENSG00000211973,Urinary Bladder
ENSG00000212122,Testis
ENSG00000212123,Testis
ENSG00000212710,Testis
ENSG00000212721,Lymph Node
ENSG00000212900,Esophagus
ENSG00000212901,Skin
ENSG00000212933,Testis
ENSG00000212935,Bone Marrow
ENSG00000213023,Cerebral Cortex
ENSG00000213030,Placenta
ENSG00000213190,Cerebral Cortex
ENSG00000213215,Placenta
ENSG00000213218,Placenta
ENSG00000213265,Testis
ENSG00000213401,Testis
ENSG00000213471,Testis
ENSG00000213512,Liver
ENSG00000213578,Prostate gland
ENSG00000213648,Rectum
ENSG00000213714,Testis
ENSG00000213760,Cerebral Cortex
ENSG00000213927,Skin
ENSG00000213934,Placenta
ENSG00000213973,Testis
ENSG00000214107,Testis
ENSG00000214274,Liver
ENSG00000214324,Testis
ENSG00000214336,Placenta
ENSG00000214360,Testis
ENSG00000214435,Adrenal Gland
ENSG00000214681,Testis
ENSG00000214686,Testis
ENSG00000214711,Esophagus
ENSG00000214782,Duodenum
ENSG00000214814,Stomach
ENSG00000214819,Testis
ENSG00000214842,Testis
ENSG00000214866,Testis
ENSG00000214872,Skeletal Muscle
ENSG00000214897,Testis
ENSG00000214929,Testis
ENSG00000214946,Testis
ENSG00000215113,Testis
ENSG00000215131,Testis
ENSG00000215182,Stomach
ENSG00000215187,Adrenal Gland
ENSG00000215203,Testis
ENSG00000215218,Cerebral Cortex
ENSG00000215262,Testis
ENSG00000215343,Testis
ENSG00000215356,Testis
ENSG00000215372,Testis
ENSG00000215474,Testis
ENSG00000215529,Testis
ENSG00000215704,Pancreas
ENSG00000215817,Testis
ENSG00000215906,Testis
ENSG00000215910,Testis
ENSG00000216937,Testis
ENSG00000217442,Testis
ENSG00000218305,Testis
ENSG00000218819,Testis
ENSG00000218823,Testis
ENSG00000219073,Pancreas
ENSG00000221813,Testis
ENSG00000221826,Placenta
ENSG00000221843,Testis
ENSG00000221867,Testis
ENSG00000221882,Testis
ENSG00000221888,Testis
ENSG00000221900,Testis
ENSG00000221933,Spleen
ENSG00000221938,Testis
ENSG00000221946,Cerebral Cortex
ENSG00000221986,Heart
ENSG00000221989,Rectum
ENSG00000222018,Rectum
ENSG00000222028,Testis
ENSG00000222046,Fallopian Tube
ENSG00000223591,Testis
ENSG00000223601,Testis
ENSG00000223609,Bone Marrow
ENSG00000224107,Testis
ENSG00000224383,Fallopian Tube
ENSG00000224586,Testis
ENSG00000224659,Testis
ENSG00000224960,Testis
ENSG00000225396,Testis
ENSG00000226372,Testis
ENSG00000226650,Testis
ENSG00000226763,Testis
ENSG00000226887,Placenta
ENSG00000226941,Testis
ENSG00000227059,Testis
ENSG00000227234,Testis
ENSG00000227729,Heart
ENSG00000227868,Testis
ENSG00000228075,Testis
ENSG00000228278,Liver
ENSG00000228567,Testis
ENSG00000228836,Testis
ENSG00000228927,Testis
ENSG00000229183,Stomach
ENSG00000229314,Liver
ENSG00000229549,Testis
ENSG00000229859,Stomach
ENSG00000229894,Testis
ENSG00000229924,Fallopian Tube
ENSG00000229972,Testis
ENSG00000230054,Testis
ENSG00000230062,Fallopian Tube
ENSG00000230561,Testis
ENSG00000230601,Testis
ENSG00000231256,Testis
ENSG00000231274,Heart
ENSG00000231824,Adrenal Gland
ENSG00000231852,Adrenal Gland
ENSG00000231924,Placenta
ENSG00000231989,Testis
ENSG00000232113,Testis
ENSG00000233232,Testis
ENSG00000233436,Testis
ENSG00000233701,Testis
ENSG00000233803,Testis
ENSG00000233932,Cerebral Cortex
ENSG00000234068,Testis
ENSG00000234409,Testis
ENSG00000234414,Testis
ENSG00000234438,Skeletal Muscle
ENSG00000234469,Testis
ENSG00000234511,Testis
ENSG00000234560,Testis
ENSG00000234776,Testis
ENSG00000234828,Testis
ENSG00000234906,Liver
ENSG00000235608,Testis
ENSG00000235631,Testis
ENSG00000235699,Testis
ENSG00000235711,Cerebral Cortex
ENSG00000235942,Skin
ENSG00000236027,Testis
ENSG00000236032,Testis
ENSG00000236279,Cerebral Cortex
ENSG00000236396,Testis
ENSG00000236424,Testis
ENSG00000236444,Testis
ENSG00000236446,Testis
ENSG00000236761,Testis
ENSG00000236980,Testis
ENSG00000236981,Testis
ENSG00000237136,Testis
ENSG00000237353,Testis
ENSG00000237452,Testis
ENSG00000237521,Testis
ENSG00000237524,Testis
ENSG00000237700,Liver
ENSG00000237763,Salivary Gland
ENSG00000238205,Testis
ENSG00000238210,Testis
ENSG00000238269,Testis
ENSG00000239474,Skeletal Muscle
ENSG00000239605,Testis
ENSG00000239620,Testis
ENSG00000239810,Testis
ENSG00000239839,Bone Marrow
ENSG00000239862,Tonsil
ENSG00000239886,Testis
ENSG00000240021,Testis
ENSG00000240038,Pancreas
ENSG00000240045,Skeletal Muscle
ENSG00000240204,Testis
ENSG00000240386,Skin
ENSG00000240694,Cerebral Cortex
ENSG00000240720,Testis
ENSG00000240747,Testis
ENSG00000240764,Cerebral Cortex
ENSG00000241119,Kidney
ENSG00000241128,Testis
ENSG00000241294,Urinary Bladder
ENSG00000241322,Testis
ENSG00000241476,Testis
ENSG00000241595,Tonsil
ENSG00000241794,Esophagus
ENSG00000242220,Testis
ENSG00000242221,Placenta
ENSG00000242389,Testis
ENSG00000242419,Cerebral Cortex
ENSG00000242441,Testis
ENSG00000242550,Bone Marrow
ENSG00000242715,Testis
ENSG00000242875,Testis
ENSG00000242950,Placenta
ENSG00000243130,Placenta
ENSG00000243137,Placenta
ENSG00000243480,Pancreas
ENSG00000243543,Testis
ENSG00000243566,Lung
ENSG00000243729,Testis
ENSG00000243910,Fallopian Tube
ENSG00000243978,Testis
ENSG00000244020,Heart
ENSG00000244057,Tonsil
ENSG00000244122,Esophagus
ENSG00000244219,Testis
ENSG00000244234,Testis
ENSG00000244411,Testis
ENSG00000244414,Liver
ENSG00000244474,Liver
ENSG00000244476,Placenta
ENSG00000244588,Testis
ENSG00000244617,Skin
ENSG00000244734,Bone Marrow
ENSG00000247595,Testis
ENSG00000248099,Testis
ENSG00000248109,Prostate gland
ENSG00000248385,Bone Marrow
ENSG00000248483,Testis
ENSG00000248713,Skeletal Muscle
ENSG00000248746,Skeletal Muscle
ENSG00000249139,Testis
ENSG00000249693,Testis
ENSG00000249715,Testis
ENSG00000249861,Placenta
ENSG00000249961,Testis
ENSG00000250305,Thyroid Gland
ENSG00000250361,Bone Marrow
ENSG00000250423,Testis
ENSG00000250719,Testis
ENSG00000250799,Kidney
ENSG00000251258,Testis
ENSG00000253506,Testis
ENSG00000253626,Testis
ENSG00000254647,Pancreas
ENSG00000255009,Urinary Bladder
ENSG00000255150,Testis
ENSG00000255181,Testis
ENSG00000255251,Testis
ENSG00000255359,Testis
ENSG00000255393,Testis
ENSG00000255501,Skin
ENSG00000255524,Testis
ENSG00000255587,Bone Marrow
ENSG00000255974,Liver
ENSG00000256269,Bone Marrow
ENSG00000256394,Duodenum
ENSG00000256671,Fallopian Tube
ENSG00000256713,Stomach
ENSG00000256797,Skin
ENSG00000256870,Thyroid Gland
ENSG00000256980,Testis
ENSG00000257017,Liver
ENSG00000257987,Testis
ENSG00000258223,Testis
ENSG00000258484,Testis
ENSG00000258713,Testis
ENSG00000258873,Testis
ENSG00000258992,Testis
ENSG00000259224,Testis
ENSG00000259803,Lung
ENSG00000260286,Testis
ENSG00000260287,Testis
ENSG00000260325,Testis
ENSG00000260456,Testis
ENSG00000260734,Testis
ENSG00000260903,Cerebral Cortex
ENSG00000261247,Testis
ENSG00000261272,Esophagus
ENSG00000261509,Testis
ENSG00000261609,Skin
ENSG00000261649,Testis
ENSG00000261678,Cerebral Cortex
ENSG00000261701,Liver
ENSG00000262874,Testis
ENSG00000263201,Testis
ENSG00000263464,Spleen
ENSG00000263639,Prostate gland
ENSG00000263761,Liver
ENSG00000264424,Skeletal Muscle
ENSG00000266200,Pancreas
ENSG00000267710,Skin
ENSG00000267909,Cerebral Cortex
ENSG00000267978,Testis
ENSG00000268182,Cerebral Cortex
ENSG00000268447,Testis
ENSG00000268606,Testis
ENSG00000268629,Testis
ENSG00000268696,Testis
ENSG00000268799,Testis
ENSG00000268940,Testis
ENSG00000268964,Placenta
ENSG00000268988,Testis
ENSG00000269058,Testis
ENSG00000269096,Testis
ENSG00000269405,Testis
ENSG00000269433,Skin
ENSG00000269466,Testis
ENSG00000269502,Ovary
ENSG00000269526,Placenta
ENSG00000269586,Testis
ENSG00000270379,Testis
ENSG00000270765,Fallopian Tube
ENSG00000270806,Testis
ENSG00000271321,Testis
ENSG00000271449,Testis
ENSG00000272031,Cerebral Cortex
ENSG00000272573,Skeletal Muscle
ENSG00000273079,Cerebral Cortex
ENSG00000273111,Testis
ENSG00000273706,Kidney
ENSG00000273976,Testis
ENSG00000274209,Testis
ENSG00000274252,Lung
ENSG00000274274,Testis
ENSG00000274391,Testis
ENSG00000274443,Testis
ENSG00000274588,Adrenal Gland
ENSG00000274600,Testis
ENSG00000274611,Gall Bladder
ENSG00000274618,Bone Marrow
ENSG00000274749,Skin
ENSG00000275004,Testis
ENSG00000275113,Testis
ENSG00000275152,Liver
ENSG00000275489,Testis
ENSG00000275520,Testis
ENSG00000275663,Small Intestine
ENSG00000275722,Testis
ENSG00000275774,Testis
ENSG00000275793,Testis
ENSG00000275896,Pancreas
ENSG00000275969,Testis
ENSG00000276040,Testis
ENSG00000276076,Kidney
ENSG00000276085,Bone Marrow
ENSG00000276240,Rectum
ENSG00000276368,Bone Marrow
ENSG00000276903,Bone Marrow
ENSG00000276950,Testis
ENSG00000277322,Testis
ENSG00000277363,Cerebral Cortex
ENSG00000277531,Cerebral Cortex
ENSG00000277586,Cerebral Cortex
ENSG00000277745,Testis
ENSG00000277865,Testis
ENSG00000277932,Testis
ENSG00000278023,Testis
ENSG00000278057,Testis
ENSG00000278522,Testis
ENSG00000278558,Testis
ENSG00000278685,Testis
ENSG00000279000,Skin
ENSG00000279804,Testis
ENSG00000280094,Placenta
